Machine id,Region,Created at,Time to start,Time to respond
4d891364b699d8,jnb,1699888967000,18999,56895
3287423ec07768,jnb,1699888967000,17786,58482
6e82d697c71178,jnb,1699888967000,16246,62503
5683d597c73348,jnb,1699889912000,5617,20944
148ed047c75508,jnb,1699889912000,8522,18489
3d8d923eb21138,jnb,1699889912000,12593,18478
4d891362f4ee78,jnb,1699890646000,3796,14352
91857490a40098,jnb,1699890646000,3709,16346
e2865903bedd08,jnb,1699890646000,4716,16344
e784e196a4ee08,jnb,1699891505000,2889,6412
9080e354a15048,jnb,1699891506000,1570,8412
3287423da63398,jnb,1699891505000,2092,10418
3d8d9231ae6668,jnb,1699892479000,3365,22402
17811e97b93368,jnb,1699892479000,3487,26411
4d891364b4ddd8,jnb,1699892481000,2082,28410
3287423ec62268,jnb,1699893314000,5264,2791
e784e197c477e8,jnb,1699893314000,6098,4335
5683d594ad1678,jnb,1699893314000,6900,40383
3287423ec62068,jnb,1699894332000,8857,24359
6e82d697c09778,jnb,1699894332000,8580,28359
9080e354a15248,jnb,1699894332000,5980,36369
e2865901f79598,jnb,1699895243000,4069,6667
148ed046a31038,jnb,1699895243000,4627,6627
9080e357c14108,jnb,1699895243000,5148,64397
3287423da64518,jnb,1700129175000,2111,31010
9080e354a12338,jnb,1700129176000,2434,32363
e784e196a46168,jnb,1700129175000,4832,32364
9080e357c11178,jnb,1700130974000,2591,22359
3d8d923eb297e8,jnb,1700130973000,2244,30362
17811e90f50d78,jnb,1700130971000,2235,36370
e2865901f74318,jnb,1700132796000,2287,4425
9080e357c11078,jnb,1700132796000,3409,8347
e784e197c44d98,jnb,1700132795000,357,20357
e784e197c44198,jnb,1700145437000,5745,36693
9080e357c11378,jnb,1700145438000,5294,38376
3287423ec665d8,jnb,1700145437000,8672,52710
91857490a11328,jnb,1700147177000,3645,36371
17811e97b55d28,jnb,1700147177000,4036,36368
e2865903b77078,jnb,1700147177000,2833,38700
91857495b15008,jnb,1700149036000,2562,8339
4d891364b44758,jnb,1700149035000,3337,10344
6e82d697c00dd8,jnb,1700149035000,1593,14342
17811e90f5e778,jnb,1700150804000,5507,18670
e784e197c44398,jnb,1700150804000,6741,20353
3d8d923eb23de8,jnb,1700150804000,8162,20356
6e82d693a06928,jnb,1700152534000,4300,8339
9080e357c11d78,jnb,1700152534000,3969,28359
5683d597cdd098,jnb,1700152534000,2865,32370
e784e196a41768,jnb,1700154358000,3117,12398
9080e354a13438,jnb,1700154361000,2081,18404
17811e97b55128,jnb,1700154360000,2447,36485
3d8d9231a22498,jnb,1700156214000,5559,26357
148ed046a30648,jnb,1700156214000,3605,50379
e2865901f75218,jnb,1700156214000,5229,60704
91857495b16e08,jnb,1700158113000,7858,32357
4d891364b44358,jnb,1700158113000,3460,42402
17811e90f5e978,jnb,1700158113000,5950,42373
4d891362f45648,jnb,1700159818000,5047,10752
3d8d923eb23ee8,jnb,1700159816000,5289,12394
6e82d697c004d8,jnb,1700159816000,6026,14397
3287423ec66dd8,jnb,1700161633000,354,2331
3287423da65018,jnb,1700161635000,3454,18355
e784e197c44598,jnb,1700161641000,2609,14343
5683d597cdd298,jnb,1700163402000,5467,18406
e784e196a41268,jnb,1700163405000,2346,18769
9080e357c11978,jnb,1700163400000,5937,20419
148ed047c33978,jnb,1700165209000,3439,18675
5683d594ad57e8,jnb,1700165209000,5713,24352
9080e354a13638,jnb,1700165209000,7270,24354
148ed046a30748,jnb,1700166968000,4837,10345
91857490a11d28,jnb,1700166968000,6395,22676
17811e97b55628,jnb,1700166968000,5533,30361
91857495b16408,jnb,1700168761000,6165,18350
e2865901f75e18,jnb,1700168761000,5359,22667
3d8d9231a22598,jnb,1700168761000,3626,34372
4d891364b44158,jnb,1700170582000,8519,12665
3d8d923eb232e8,jnb,1700170581000,5161,24355
17811e90f5e578,jnb,1700170581000,6584,24389
6e82d693a06028,jnb,1700172335000,3644,8340
4d891362f45448,jnb,1700172335000,3990,10339
6e82d697c005d8,jnb,1700172335000,3464,12347
e784e197c44998,jnb,1700174162000,3701,4659
148ed046a30348,jnb,1700174163000,7645,6342
5683d594ad5de8,jnb,1700174163000,5231,18352
91857495b16108,jnb,1700175946000,5258,12600
9080e357c11e78,jnb,1700175946000,5582,12666
e2865901f75718,jnb,1700175946000,3413,16354
e2865903b77d78,jnb,1700177746000,3525,16671
3d8d923eb231e8,jnb,1700177746000,6223,20596
17811e90f5e478,jnb,1700177746000,3763,24356
17811e97b55328,jnb,1700179536000,4282,40376
91857490a11028,jnb,1700179536000,5142,46385
3d8d9231a22698,jnb,1700179539000,2574,46378
6e82d693a06228,jnb,1700181453000,6193,12653
4d891362f45e48,jnb,1700181452000,8229,12340
4d891364b44958,jnb,1700181452000,6220,16353
3287423da65318,jnb,1700183173000,6336,26854
e784e196a41e68,jnb,1700183175000,3023,32363
6e82d697c001d8,jnb,1700183173000,2618,44384
9080e354a13538,jnb,1700185044000,3952,40683
5683d594ad51e8,jnb,1700185045000,3571,46699
e784e197c44098,jnb,1700185045000,3092,64405
9080e357c11778,jnb,1700186731000,5324,18351
5683d597cd1998,jnb,1700186731000,6104,20354
148ed046a30148,jnb,1700186731000,4765,54392
e2865901f75918,jnb,1700188595000,6439,6342
91857495b16208,jnb,1700188595000,8933,4641
148ed047c31678,jnb,1700188595000,5699,22667
3d8d923eb23018,jnb,1700190316000,5491,6658
3d8d923eb230e8,jnb,1700190316000,7009,10383
17811e90f5e258,jnb,1700190316000,6608,18346
4d891362f45228,jnb,1700192363000,9234,652
e2865903b79278,jnb,1700192363000,6734,4737
6e82d693a06e38,jnb,1700192363000,6431,8342
3287423da65158,jnb,1700194060000,5931,30367
e784e196a41d38,jnb,1700194060000,5953,30355
91857490a12e28,jnb,1700194060000,7169,62393
17811e97b54728,jnb,1700195939000,7401,26359
91857490a12e58,jnb,1700195939000,9132,26362
5683d594ad5628,jnb,1700195939000,6168,44377
3d8d9231a21d78,jnb,1700197623000,3387,12347
17811e97b547e8,jnb,1700197623000,4354,18346
148ed046a30d58,jnb,1700197623000,4578,30354
e784e197c4e278,jnb,1700199392000,5754,36369
3287423ec63278,jnb,1700199392000,6579,36372
6e82d697c02958,jnb,1700199392000,2909,50386
3d8d923eb23918,jnb,1700201302000,5038,34357
17811e90f5e058,jnb,1700201302000,5394,34365
91857495b16548,jnb,1700201302000,2369,38367
e784e196a41638,jnb,1700202956000,6307,14349
5683d597cd17d8,jnb,1700202955000,7742,16349
3287423da65458,jnb,1700202956000,7433,20347
5683d594ad5428,jnb,1700204738000,5637,8990
e2865903b79e68,jnb,1700204738000,5024,32365
91857490a12458,jnb,1700204738000,5094,36371
4d891364b4e638,jnb,1700206641000,5861,2709
148ed046a30e58,jnb,1700206641000,5383,10357
e2865901f75528,jnb,1700206641000,7713,10345
e784e197c4e478,jnb,1700208379000,4183,30686
3d8d923eb23318,jnb,1700208379000,6774,40431
4d891362f45528,jnb,1700208379000,5333,44378
91857490a12158,jnb,1700210175000,4683,24806
e2865903b79768,jnb,1700210175000,4369,26364
6e82d693a06638,jnb,1700210175000,5230,36692
5683d594ad5528,jnb,1700211968000,3069,16361
148ed046a30058,jnb,1700211968000,4692,16347
6e82d697c02058,jnb,1700211968000,3588,32358
3d8d923eb23718,jnb,1700213799000,4108,20352
4d891362f45728,jnb,1700213799000,2953,22354
9080e357c15568,jnb,1700213799000,2953,26361
6e82d693a06d38,jnb,1700215549000,6454,40685
148ed047c31118,jnb,1700215549000,5109,48383
5683d597cd11d8,jnb,1700215549000,3955,52386
9080e354a13d98,jnb,1700217412000,6191,4332
e784e196a41338,jnb,1700217412000,4557,12350
5683d594ad5e28,jnb,1700217412000,4682,12339
3d8d923eb23418,jnb,1700219138000,3714,10343
4d891362f45328,jnb,1700219138000,3583,12343
3287423ec63378,jnb,1700219138000,3465,74866
